<ImportExportXml xmlns:xsi="http://www.w3.org/2001/XMLSchema-instance">
  <Entities></Entities>
  <Roles></Roles>
  <Workflows>
    <Workflow WorkflowId="{389e5610-beb0-eb11-8236-000d3a52dbef}" Name="Check Out - Power BI Version Control">
      <JsonFileName>/Workflows/CheckOut-PowerBIVersionControl-389E5610-BEB0-EB11-8236-000D3A52DBEF.json</JsonFileName>
      <Type>1</Type>
      <Subprocess>0</Subprocess>
      <Category>5</Category>
      <Mode>0</Mode>
      <Scope>4</Scope>
      <OnDemand>0</OnDemand>
      <TriggerOnCreate>0</TriggerOnCreate>
      <TriggerOnDelete>0</TriggerOnDelete>
      <AsyncAutodelete>0</AsyncAutodelete>
      <SyncWorkflowLogOnFailure>0</SyncWorkflowLogOnFailure>
      <StateCode>1</StateCode>
      <StatusCode>2</StatusCode>
      <RunAs>1</RunAs>
      <IsTransacted>1</IsTransacted>
      <IntroducedVersion>1.0.0.0</IntroducedVersion>
      <IsCustomizable>1</IsCustomizable>
      <IsCustomProcessingStepAllowedForOtherPublishers>1</IsCustomProcessingStepAllowedForOtherPublishers>
      <PrimaryEntity>none</PrimaryEntity>
      <LocalizedNames>
        <LocalizedName languagecode="1033" description="Check Out - Power BI Version Control" />
      </LocalizedNames>
    </Workflow>
    <Workflow WorkflowId="{6ba72e07-deb0-eb11-8236-000d3a52dbef}" Name="Check In - Power BI Version Control">
      <JsonFileName>/Workflows/CheckIn-PowerBIVersionControl-6BA72E07-DEB0-EB11-8236-000D3A52DBEF.json</JsonFileName>
      <Type>1</Type>
      <Subprocess>0</Subprocess>
      <Category>5</Category>
      <Mode>0</Mode>
      <Scope>4</Scope>
      <OnDemand>0</OnDemand>
      <TriggerOnCreate>0</TriggerOnCreate>
      <TriggerOnDelete>0</TriggerOnDelete>
      <AsyncAutodelete>0</AsyncAutodelete>
      <SyncWorkflowLogOnFailure>0</SyncWorkflowLogOnFailure>
      <StateCode>1</StateCode>
      <StatusCode>2</StatusCode>
      <RunAs>1</RunAs>
      <IsTransacted>1</IsTransacted>
      <IntroducedVersion>1.0.0.0</IntroducedVersion>
      <IsCustomizable>1</IsCustomizable>
      <IsCustomProcessingStepAllowedForOtherPublishers>1</IsCustomProcessingStepAllowedForOtherPublishers>
      <PrimaryEntity>none</PrimaryEntity>
      <LocalizedNames>
        <LocalizedName languagecode="1033" description="Check In - Power BI Version Control" />
      </LocalizedNames>
    </Workflow>
    <Workflow WorkflowId="{f1239bd8-f4f3-eb11-94ef-00224823106c}" Name="Initial Step: Create Power BI Reports Library with Folders" Description="Power BI Version Control is a free, fully packaged solution that lets users apply version control, local editing and manage PBIX or PBIT files. The solution is fully in the Power Platform and SharePoint environment. Power BI Version Control (also known as Power BI Source Control) can give business users or smaller organizations the ability to easily implement version control for their Power BI projects.">
      <JsonFileName>/Workflows/InitialStepCreatePowerBIReportsLibrarywithFolders-F1239BD8-F4F3-EB11-94EF-00224823106C.json</JsonFileName>
      <Type>1</Type>
      <Subprocess>0</Subprocess>
      <Category>5</Category>
      <Mode>0</Mode>
      <Scope>4</Scope>
      <OnDemand>0</OnDemand>
      <TriggerOnCreate>0</TriggerOnCreate>
      <TriggerOnDelete>0</TriggerOnDelete>
      <AsyncAutodelete>0</AsyncAutodelete>
      <SyncWorkflowLogOnFailure>0</SyncWorkflowLogOnFailure>
      <StateCode>1</StateCode>
      <StatusCode>2</StatusCode>
      <RunAs>1</RunAs>
      <IsTransacted>1</IsTransacted>
      <IntroducedVersion>2.0</IntroducedVersion>
      <IsCustomizable>1</IsCustomizable>
      <IsCustomProcessingStepAllowedForOtherPublishers>1</IsCustomProcessingStepAllowedForOtherPublishers>
      <PrimaryEntity>none</PrimaryEntity>
      <LocalizedNames>
        <LocalizedName languagecode="1033" description="Initial Step: Create Power BI Reports Library with Folders" />
      </LocalizedNames>
      <Descriptions>
        <Description languagecode="1033" description="Power BI Version Control is a free, fully packaged solution that lets users apply version control, local editing and manage PBIX or PBIT files. The solution is fully in the Power Platform and SharePoint environment. Power BI Version Control (also known as Power BI Source Control) can give business users or smaller organizations the ability to easily implement version control for their Power BI projects." />
      </Descriptions>
    </Workflow>
  </Workflows>
  <FieldSecurityProfiles></FieldSecurityProfiles>
  <Templates />
  <EntityMaps />
  <EntityRelationships />
  <OrganizationSettings />
  <optionsets />
  <CustomControls />
  <EntityDataProviders />
  <CanvasApps>
    <CanvasApp>
      <Name>tips_powerbiversioncontrol_f955d</Name>
      <AppVersion>2023-03-22T00:58:33Z</AppVersion>
      <Status>Ready</Status>
      <CreatedByClientVersion>3.23031.19.0</CreatedByClientVersion>
      <MinClientVersion>3.23031.19.0</MinClientVersion>
      <Tags>{"primaryDeviceWidth":"1366","primaryDeviceHeight":"768","sienaVersion":"20230222T032424Z-3.23021.21.0","deviceCapabilities":"","supportsPortrait":"false","supportsLandscape":"true","primaryFormFactor":"Tablet","publisherVersion":"3.23031.19","minimumRequiredApiVersion":"2.2.0","hasComponent":"false","hasUnlockedComponent":"false","isUnifiedRootApp":"false"}</Tags>
      <IsCdsUpgraded>0</IsCdsUpgraded>
      <GalleryItemId xsi:nil="true"></GalleryItemId>
      <BackgroundColor>rgba(76, 74, 72, 1)</BackgroundColor>
      <DisplayName>Power BI Version Control</DisplayName>
      <Description>Power BI Version Control is a free, fully packaged solution that lets users apply version control, local editing and manage PBIX or PBIT files. The solution is fully in the Power Platform and SharePoint environment. Power BI Version Control can give business users or smaller organizations the ability to easily implement version control for their Power BI projects.</Description>
      <CommitMessage xsi:nil="true"></CommitMessage>
      <Publisher></Publisher>
      <AuthorizationReferences>[]</AuthorizationReferences>
      <ConnectionReferences>{"495982ba-351b-4668-b756-776d099af89f":{"id":"/providers/microsoft.powerapps/apis/shared_rss","displayName":"RSS","iconUri":"https://connectoricons-prod.azureedge.net/u/laborbol/releases/ase-v3-99-la-only-no-gov/1.0.1622.3206/rss/icon.png","dataSources":["RSS"],"dependencies":[],"dependents":[],"parameterHints":{},"parameterHintsV2":{},"isOnPremiseConnection":false,"bypassConsent":false,"dataSets":{},"apiTier":"Standard","actions":["ListFeedItems"]},"c186116b-ae76-4635-973d-05582696561f":{"id":"/providers/microsoft.powerapps/apis/shared_logicflows","displayName":"Logic flows","iconUri":"https://connectoricons-prod.azureedge.net/releases/v1.0.1615/1.0.1615.3163/logicflows/icon.png","dataSources":["CheckIn-PowerBIVersionControl"],"dependencies":["3d6e59c7-99cf-46d7-9ff2-cc83aa5967b0"],"dependents":[],"parameterHints":{"workflowName":{"value":"9860f904-8810-4699-a8a0-5f25501d5de2"},"workflowEntityId":{"value":"6ba72e07-deb0-eb11-8236-000d3a52dbef"},"3d6e59c7-99cf-46d7-9ff2-cc83aa5967b0":{"value":"shared_sharepointonline"}},"parameterHintsV2":{"shared_sharepointonline":{"value":"3d6e59c7-99cf-46d7-9ff2-cc83aa5967b0"}},"isOnPremiseConnection":false,"bypassConsent":false,"dataSets":{},"apiTier":"Standard","actions":["Run"]},"3d6e59c7-99cf-46d7-9ff2-cc83aa5967b0":{"id":"/providers/microsoft.powerapps/apis/shared_sharepointonline","displayName":"SharePoint","iconUri":"https://connectoricons-prod.azureedge.net/u/laborbol/releases/ase-v3-99-la-only-no-gov/1.0.1622.3206/sharepointonline/icon.png","dataSources":[],"dependencies":[],"dependents":["c186116b-ae76-4635-973d-05582696561f","b3b8d1a3-dfc3-4f41-ab53-01fa381da488"],"parameterHints":{},"parameterHintsV2":{},"isOnPremiseConnection":false,"bypassConsent":false,"dataSets":{},"apiTier":"Standard"},"b3b8d1a3-dfc3-4f41-ab53-01fa381da488":{"id":"/providers/microsoft.powerapps/apis/shared_logicflows","displayName":"Logic flows","iconUri":"https://connectoricons-prod.azureedge.net/releases/v1.0.1615/1.0.1615.3163/logicflows/icon.png","dataSources":["CheckOut-PowerBIVersionControl"],"dependencies":["3d6e59c7-99cf-46d7-9ff2-cc83aa5967b0"],"dependents":[],"parameterHints":{"workflowName":{"value":"113e7711-ba80-4c7b-9053-df16b639b019"},"workflowEntityId":{"value":"389e5610-beb0-eb11-8236-000d3a52dbef"},"3d6e59c7-99cf-46d7-9ff2-cc83aa5967b0":{"value":"shared_sharepointonline"}},"parameterHintsV2":{"shared_sharepointonline":{"value":"3d6e59c7-99cf-46d7-9ff2-cc83aa5967b0"}},"isOnPremiseConnection":false,"bypassConsent":false,"dataSets":{},"apiTier":"Standard","actions":["Run"]},"4594087d-e1d3-4a58-8e32-fdd928d79534":{"id":"/providers/microsoft.powerapps/apis/shared_office365users","displayName":"Office 365 Users","iconUri":"https://connectoricons-prod.azureedge.net/u/laborbol/releases/ase-v3-99-la-only-no-gov/1.0.1622.3206/office365users/icon.png","dataSources":["Office365Users"],"dependencies":[],"dependents":[],"parameterHints":{},"parameterHintsV2":{},"isOnPremiseConnection":false,"bypassConsent":false,"dataSets":{},"apiTier":"Standard","actions":["MyProfile_V2"]}}</ConnectionReferences>
      <DatabaseReferences>{}</DatabaseReferences>
      <AppComponents>[]</AppComponents>
      <AppComponentDependencies>[]</AppComponentDependencies>
      <CanConsumeAppPass>1</CanConsumeAppPass>
      <CanvasAppType>0</CanvasAppType>
      <BypassConsent>0</BypassConsent>
      <AdminControlBypassConsent>0</AdminControlBypassConsent>
      <EmbeddedApp xsi:nil="true"></EmbeddedApp>
      <IntroducedVersion>1.0</IntroducedVersion>
      <CdsDependencies>{"cdsdependencies":[]}</CdsDependencies>
      <IsCustomizable>1</IsCustomizable>
      <BackgroundImageUri>/CanvasApps/tips_powerbiversioncontrol_f955d_BackgroundImageUri</BackgroundImageUri>
      <DocumentUri>/CanvasApps/tips_powerbiversioncontrol_f955d_DocumentUri.msapp</DocumentUri>
    </CanvasApp>
  </CanvasApps>
  <connectionreferences>
    <connectionreference connectionreferencelogicalname="tips_Office365Users">
      <connectionreferencedisplayname>Office365 Users</connectionreferencedisplayname>
      <connectorid>/providers/Microsoft.PowerApps/apis/shared_office365users</connectorid>
      <iscustomizable>1</iscustomizable>
      <statecode>0</statecode>
      <statuscode>1</statuscode>
    </connectionreference>
    <connectionreference connectionreferencelogicalname="tips_sharedsharepointonline_6a797">
      <connectionreferencedisplayname>SharePoint Connection</connectionreferencedisplayname>
      <connectorid>/providers/Microsoft.PowerApps/apis/shared_sharepointonline</connectorid>
      <iscustomizable>1</iscustomizable>
      <statecode>0</statecode>
      <statuscode>1</statuscode>
    </connectionreference>
  </connectionreferences>
  <Languages>
    <Language>1033</Language>
  </Languages>
</ImportExportXml>