{
  "properties": {
    "connectionReferences": {
      "shared_sharepointonline": {
        "runtimeSource": "invoker",
        "connection": {
          "connectionReferenceLogicalName": "tips_sharedsharepointonline_6a797"
        },
        "api": {
          "name": "shared_sharepointonline"
        }
      }
    },
    "definition": {
      "$schema": "https://schema.management.azure.com/providers/Microsoft.Logic/schemas/2016-06-01/workflowdefinition.json#",
      "contentVersion": "1.0.0.0",
      "parameters": {
        "$connections": {
          "defaultValue": {},
          "type": "Object"
        },
        "$authentication": {
          "defaultValue": {},
          "type": "SecureObject"
        }
      },
      "triggers": {
        "manual": {
          "metadata": {
            "operationMetadataId": "4953d3a4-fe1f-49c4-b931-56b8cc5ec884"
          },
          "type": "Request",
          "kind": "PowerAppV2",
          "inputs": {
            "schema": {
              "type": "object",
              "properties": {
                "text": {
                  "title": "CheckedOutReportsFolder_Value",
                  "type": "string",
                  "x-ms-dynamically-added": true,
                  "description": "Please enter your input",
                  "x-ms-content-hint": "TEXT"
                },
                "text_1": {
                  "title": "CheckoutfileIdentifier_Value",
                  "type": "string",
                  "x-ms-dynamically-added": true,
                  "description": "Please enter your input",
                  "x-ms-content-hint": "TEXT"
                },
                "text_2": {
                  "title": "CheckoutNumericID_Value",
                  "type": "string",
                  "x-ms-dynamically-added": true,
                  "description": "Please enter your input",
                  "x-ms-content-hint": "TEXT"
                },
                "text_3": {
                  "title": "SharePointSite_Value",
                  "type": "string",
                  "x-ms-dynamically-added": true,
                  "description": "Please enter your input",
                  "x-ms-content-hint": "TEXT"
                },
                "text_4": {
                  "title": "Library_Value",
                  "type": "string",
                  "x-ms-dynamically-added": true,
                  "description": "Please enter your input",
                  "x-ms-content-hint": "TEXT"
                },
                "text_5": {
                  "title": "FileName",
                  "type": "string",
                  "x-ms-dynamically-added": true,
                  "description": "Please enter your input",
                  "x-ms-content-hint": "TEXT"
                }
              },
              "required": [
                "text",
                "text_1",
                "text_2",
                "text_3",
                "text_4",
                "text_5"
              ]
            }
          }
        }
      },
      "actions": {
        "Version_Notes": {
          "runAfter": {},
          "metadata": {
            "operationMetadataId": "2756b478-4538-4e72-8331-199a7ee5effc"
          },
          "type": "Compose",
          "inputs": "Version: 1.0\nIf you have questions, reach out to @anton3sco or @PowerBISteve on Twitter!"
        },
        "SharePointSite": {
          "runAfter": {
            "Version_Notes": [
              "Succeeded"
            ]
          },
          "metadata": {
            "operationMetadataId": "ca45b686-e2da-4cea-b402-fd79dc8c056e"
          },
          "type": "InitializeVariable",
          "inputs": {
            "variables": [
              {
                "name": "SharePointSite_Var",
                "type": "string",
                "value": "@triggerBody()['text_3']"
              }
            ]
          }
        },
        "Library": {
          "runAfter": {
            "SharePointSite": [
              "Succeeded"
            ]
          },
          "metadata": {
            "operationMetadataId": "0fe09188-a2a8-4fe9-b97c-a11d2d24e790"
          },
          "type": "InitializeVariable",
          "inputs": {
            "variables": [
              {
                "name": "Library_Var",
                "type": "string",
                "value": "@triggerBody()['text_4']"
              }
            ]
          }
        },
        "CheckedOutReportsFolder": {
          "runAfter": {
            "Library": [
              "Succeeded"
            ]
          },
          "metadata": {
            "operationMetadataId": "6c6ec670-925f-42ba-a203-3288dedfcbe2"
          },
          "type": "InitializeVariable",
          "inputs": {
            "variables": [
              {
                "name": "CheckedOut_Reports_Folder_Var",
                "type": "string",
                "value": "@triggerBody()['text']"
              }
            ]
          }
        },
        "CheckoutfileIdentifier": {
          "runAfter": {
            "CheckedOutReportsFolder": [
              "Succeeded"
            ]
          },
          "metadata": {
            "operationMetadataId": "925a344f-608a-49e1-a3bd-e88da23f1cca"
          },
          "type": "InitializeVariable",
          "inputs": {
            "variables": [
              {
                "name": "Checkoutfile_Identifier_Var",
                "type": "string",
                "value": "@triggerBody()['text_1']"
              }
            ]
          }
        },
        "CheckoutNumericID": {
          "runAfter": {
            "Initialize_variable": [
              "Succeeded"
            ]
          },
          "metadata": {
            "operationMetadataId": "3ecdfc02-e884-4b78-8a1e-e58acff0fe26"
          },
          "type": "InitializeVariable",
          "inputs": {
            "variables": [
              {
                "name": "CheckoutNumericID_Var",
                "type": "string",
                "value": "@triggerBody()['text_2']"
              }
            ]
          }
        },
        "Convert_CheckoutfileID_to_Integer": {
          "runAfter": {
            "CheckoutNumericID": [
              "Succeeded"
            ]
          },
          "metadata": {
            "operationMetadataId": "a986a638-712f-4472-a429-603799caedae"
          },
          "type": "Compose",
          "inputs": "@int(variables('CheckoutNumericID_Var'))"
        },
        "Scope": {
          "actions": {
            "Find_text_position": {
              "runAfter": {},
              "metadata": {
                "operationMetadataId": "8dddd72a-9aa7-4637-9319-d45e70777798"
              },
              "type": "Expression",
              "kind": "IndexOf",
              "inputs": {
                "text": "@variables('CheckedOut_Reports_Folder_Var')",
                "searchText": "/"
              }
            },
            "GetFolderName": {
              "runAfter": {
                "Find_text_position": [
                  "Succeeded"
                ]
              },
              "metadata": {
                "operationMetadataId": "5a0d0f29-9c6c-4aa3-a6a3-93a73b7e16b4"
              },
              "type": "Expression",
              "kind": "Substring",
              "inputs": {
                "text": "@variables('CheckedOut_Reports_Folder_Var')",
                "startingPosition": "@outputs('Find_text_position')?['body']"
              },
              "description": "This looks to see if the default is to publish in individual folders. If so, it will create the folder of the current user if it does not exist"
            },
            "Create_new_folder": {
              "runAfter": {
                "GetFolderName": [
                  "Succeeded"
                ]
              },
              "metadata": {
                "operationMetadataId": "8411d274-8aea-4938-b537-53364eb51005"
              },
              "type": "OpenApiConnection",
              "inputs": {
                "host": {
                  "connectionName": "shared_sharepointonline",
                  "operationId": "CreateNewFolder",
                  "apiId": "/providers/Microsoft.PowerApps/apis/shared_sharepointonline"
                },
                "parameters": {
                  "dataset": "@variables('SharePointSite_Var')",
                  "table": "@variables('Library_Var')",
                  "parameters/path": "@outputs('GetFolderName')?['body']"
                },
                "authentication": "@parameters('$authentication')"
              },
              "description": "This looks to see if the default is to publish in individual folders. If so, it will create the folder of the current user if it does not exist"
            },
            "Copy_file_to_Checked_Out_Reports_folder": {
              "runAfter": {
                "Create_new_folder": [
                  "Succeeded"
                ]
              },
              "metadata": {
                "operationMetadataId": "18ffc722-025d-4aae-8599-40b4d86010de"
              },
              "type": "OpenApiConnection",
              "inputs": {
                "host": {
                  "connectionName": "shared_sharepointonline",
                  "operationId": "CopyFileAsync",
                  "apiId": "/providers/Microsoft.PowerApps/apis/shared_sharepointonline"
                },
                "parameters": {
                  "dataset": "@variables('SharePointSite_Var')",
                  "parameters/sourceFileId": "@variables('Checkoutfile_Identifier_Var')",
                  "parameters/destinationDataset": "@variables('SharePointSite_Var')",
                  "parameters/destinationFolderPath": "@variables('CheckedOut_Reports_Folder_Var')",
                  "parameters/nameConflictBehavior": 1
                },
                "authentication": "@parameters('$authentication')"
              },
              "description": "Move file to Checked Out Folder"
            },
            "Check_out_copied_file_in_Checked_Out_Reports": {
              "runAfter": {
                "Copy_file_to_Checked_Out_Reports_folder": [
                  "Succeeded"
                ]
              },
              "metadata": {
                "operationMetadataId": "67bb44e3-3f32-4b23-ae99-0e41bd8ffcb6"
              },
              "type": "OpenApiConnection",
              "inputs": {
                "host": {
                  "connectionName": "shared_sharepointonline",
                  "operationId": "CheckOutFile",
                  "apiId": "/providers/Microsoft.PowerApps/apis/shared_sharepointonline"
                },
                "parameters": {
                  "dataset": "@variables('SharePointSite_Var')",
                  "table": "@variables('Library_Var')",
                  "id": "@outputs('Copy_file_to_Checked_Out_Reports_folder')?['body/ItemId']"
                },
                "authentication": "@parameters('$authentication')"
              },
              "description": "This step checks the file out"
            },
            "Check_out_copied_file_in_Checked_Out_Reports_folder": {
              "runAfter": {
                "Check_out_copied_file_in_Checked_Out_Reports": [
                  "Succeeded"
                ]
              },
              "metadata": {
                "operationMetadataId": "c788914a-1419-47e5-8bd9-d010f05c8239"
              },
              "type": "OpenApiConnection",
              "inputs": {
                "host": {
                  "connectionName": "shared_sharepointonline",
                  "operationId": "CheckOutFile",
                  "apiId": "/providers/Microsoft.PowerApps/apis/shared_sharepointonline"
                },
                "parameters": {
                  "dataset": "@variables('SharePointSite_Var')",
                  "table": "@variables('Library_Var')",
                  "id": "@outputs('Convert_CheckoutfileID_to_Integer')"
                },
                "authentication": "@parameters('$authentication')"
              },
              "description": "This step checks the file out"
            }
          },
          "runAfter": {
            "Convert_CheckoutfileID_to_Integer": [
              "Succeeded"
            ]
          },
          "metadata": {
            "operationMetadataId": "70fab2ea-cd15-4f01-b558-21969dc7ddcd"
          },
          "type": "Scope"
        },
        "Initialize_variable": {
          "runAfter": {
            "CheckoutfileIdentifier": [
              "Succeeded"
            ]
          },
          "metadata": {
            "operationMetadataId": "3b445c72-b727-4cf3-a0db-742f4ea77963"
          },
          "type": "InitializeVariable",
          "inputs": {
            "variables": [
              {
                "name": "FileName_Var",
                "type": "string",
                "value": "@triggerBody()['text_5']"
              }
            ]
          }
        },
        "Fail": {
          "runAfter": {
            "Scope": [
              "Failed",
              "Skipped",
              "TimedOut"
            ]
          },
          "metadata": {
            "operationMetadataId": "28e7d818-02e5-47a1-b6d0-b73eea886650"
          },
          "type": "Response",
          "kind": "PowerApp",
          "inputs": {
            "statusCode": 200,
            "body": {
              "response": 0,
              "name": "@variables('FileName_Var')"
            },
            "schema": {
              "type": "object",
              "properties": {
                "response": {
                  "title": "Response",
                  "x-ms-dynamically-added": true,
                  "type": "number"
                },
                "name": {
                  "title": "Name",
                  "x-ms-dynamically-added": true,
                  "type": "string"
                }
              }
            }
          }
        },
        "Success": {
          "runAfter": {
            "Scope": [
              "Succeeded"
            ]
          },
          "metadata": {
            "operationMetadataId": "54dab396-ac9f-4b1a-8f47-8bbb56f7c485"
          },
          "type": "Response",
          "kind": "PowerApp",
          "inputs": {
            "statusCode": 200,
            "body": {
              "response": 1,
              "name": "@variables('FileName_Var')"
            },
            "schema": {
              "type": "object",
              "properties": {
                "response": {
                  "title": "Response",
                  "x-ms-dynamically-added": true,
                  "type": "number"
                },
                "name": {
                  "title": "Name",
                  "x-ms-dynamically-added": true,
                  "type": "string"
                }
              }
            }
          }
        }
      },
      "outputs": {}
    },
    "templateName": ""
  },
  "schemaVersion": "1.0.0.0"
}