{
  "properties": {
    "connectionReferences": {
      "shared_sharepointonline": {
        "runtimeSource": "invoker",
        "connection": {
          "connectionReferenceLogicalName": "tips_sharedsharepointonline_6a797"
        },
        "api": {
          "name": "shared_sharepointonline"
        }
      }
    },
    "definition": {
      "$schema": "https://schema.management.azure.com/providers/Microsoft.Logic/schemas/2016-06-01/workflowdefinition.json#",
      "contentVersion": "1.0.0.0",
      "parameters": {
        "$connections": {
          "defaultValue": {},
          "type": "Object"
        },
        "$authentication": {
          "defaultValue": {},
          "type": "SecureObject"
        }
      },
      "triggers": {
        "manual": {
          "type": "Request",
          "kind": "PowerAppV2",
          "inputs": {
            "schema": {
              "type": "object",
              "properties": {
                "text": {
                  "title": "PublishedReportsFolder_Value",
                  "type": "string",
                  "x-ms-dynamically-added": true,
                  "description": "Please enter your input",
                  "x-ms-content-hint": "TEXT"
                },
                "text_1": {
                  "title": "CheckinfileID_Value",
                  "type": "string",
                  "x-ms-dynamically-added": true,
                  "description": "Please enter your input",
                  "x-ms-content-hint": "TEXT"
                },
                "text_2": {
                  "title": "CheckinfileComments_Value",
                  "type": "string",
                  "x-ms-dynamically-added": true,
                  "description": "Please enter your input",
                  "x-ms-content-hint": "TEXT"
                },
                "text_3": {
                  "title": "CheckinfileName_Value",
                  "type": "string",
                  "x-ms-dynamically-added": true,
                  "description": "Please enter your input",
                  "x-ms-content-hint": "TEXT"
                },
                "text_4": {
                  "title": "CheckinfileIdentifier_Value",
                  "type": "string",
                  "x-ms-dynamically-added": true,
                  "description": "Please enter your input",
                  "x-ms-content-hint": "TEXT"
                },
                "boolean": {
                  "title": "SetDiscardfileBol_Value",
                  "type": "boolean",
                  "x-ms-dynamically-added": true,
                  "description": "Please select yes or no",
                  "x-ms-content-hint": "BOOLEAN"
                },
                "text_5": {
                  "title": "SharepointSite_Value",
                  "type": "string",
                  "x-ms-dynamically-added": true,
                  "description": "Please enter your input",
                  "x-ms-content-hint": "TEXT"
                },
                "text_6": {
                  "title": "Library_Value",
                  "type": "string",
                  "x-ms-dynamically-added": true,
                  "description": "Please enter your input",
                  "x-ms-content-hint": "TEXT"
                }
              },
              "required": [
                "text",
                "text_1",
                "text_2",
                "text_3",
                "text_4",
                "boolean",
                "text_5",
                "text_6"
              ]
            }
          }
        }
      },
      "actions": {
        "Version_Notes": {
          "runAfter": {},
          "type": "Compose",
          "inputs": "Version: 1.0\nIf you have questions, reach out to @anton3sco or @PowerBISteve on Twitter!"
        },
        "SharepointSite": {
          "runAfter": {
            "Version_Notes": [
              "Succeeded"
            ]
          },
          "type": "InitializeVariable",
          "inputs": {
            "variables": [
              {
                "name": "SharepointSite_Var",
                "type": "string",
                "value": "@triggerBody()['text_5']"
              }
            ]
          }
        },
        "Library": {
          "runAfter": {
            "SharepointSite": [
              "Succeeded"
            ]
          },
          "type": "InitializeVariable",
          "inputs": {
            "variables": [
              {
                "name": "Library_Var",
                "type": "string",
                "value": "@triggerBody()['text_6']"
              }
            ]
          }
        },
        "PublishedReportsFolder": {
          "runAfter": {
            "Library": [
              "Succeeded"
            ]
          },
          "type": "InitializeVariable",
          "inputs": {
            "variables": [
              {
                "name": "Published_Reports_Folder_Var",
                "type": "string",
                "value": "@triggerBody()['text']"
              }
            ]
          }
        },
        "CheckinfileID": {
          "runAfter": {
            "PublishedReportsFolder": [
              "Succeeded"
            ]
          },
          "type": "InitializeVariable",
          "inputs": {
            "variables": [
              {
                "name": "Checkinfile_ID_Var",
                "type": "string",
                "value": "@triggerBody()['text_1']"
              }
            ]
          }
        },
        "CheckinfileComments": {
          "runAfter": {
            "CheckinfileID": [
              "Succeeded"
            ]
          },
          "type": "InitializeVariable",
          "inputs": {
            "variables": [
              {
                "name": "Checkinfile_Comments_Var",
                "type": "string",
                "value": "@triggerBody()['text_2']"
              }
            ]
          }
        },
        "CheckinfileName": {
          "runAfter": {
            "CheckinfileComments": [
              "Succeeded"
            ]
          },
          "type": "InitializeVariable",
          "inputs": {
            "variables": [
              {
                "name": "CheckinfileName_Var",
                "type": "string",
                "value": "@triggerBody()['text_3']"
              }
            ]
          }
        },
        "CheckinfileIdentifier": {
          "runAfter": {
            "CheckinfileName": [
              "Succeeded"
            ]
          },
          "type": "InitializeVariable",
          "inputs": {
            "variables": [
              {
                "name": "CheckinfileIdentifier_Var",
                "type": "string",
                "value": "@triggerBody()['text_4']"
              }
            ]
          }
        },
        "Set_DiscardfileBol": {
          "runAfter": {
            "CheckinfileIdentifier": [
              "Succeeded"
            ]
          },
          "type": "InitializeVariable",
          "inputs": {
            "variables": [
              {
                "name": "DiscardfileBol_Value",
                "type": "boolean",
                "value": "@triggerBody()['boolean']"
              }
            ]
          }
        },
        "DiscardfileBol": {
          "runAfter": {
            "Set_DiscardfileBol": [
              "Succeeded"
            ]
          },
          "type": "InitializeVariable",
          "inputs": {
            "variables": [
              {
                "name": "Discardfile_Var",
                "type": "string",
                "value": "@{bool(variables('DiscardfileBol_Value'))}"
              }
            ]
          }
        },
        "Convert_CheckinfileID_to_Integer": {
          "runAfter": {
            "DiscardfileBol": [
              "Succeeded"
            ]
          },
          "type": "Compose",
          "inputs": "@int(variables('Checkinfile_ID_Var'))"
        },
        "Compose_file_name_with_extension": {
          "runAfter": {
            "Convert_CheckinfileID_to_Integer": [
              "Succeeded"
            ]
          },
          "type": "Compose",
          "inputs": "@variables('CheckinfileName_Var')"
        },
        "Compose_Checked_In_Full_File_Name": {
          "runAfter": {
            "Compose_file_name_with_extension": [
              "Succeeded"
            ]
          },
          "type": "Compose",
          "inputs": "@{variables('Published_Reports_Folder_Var')}/@{variables('CheckinfileName_Var')}"
        },
        "Scope": {
          "actions": {
            "Discard_file_check_out": {
              "actions": {
                "Discard_Published_Reports_file": {
                  "runAfter": {},
                  "type": "OpenApiConnection",
                  "inputs": {
                    "host": {
                      "connectionName": "shared_sharepointonline",
                      "operationId": "DiscardFileCheckOut",
                      "apiId": "/providers/Microsoft.PowerApps/apis/shared_sharepointonline"
                    },
                    "parameters": {
                      "dataset": "@variables('SharepointSite_Var')",
                      "table": "@variables('Library_Var')",
                      "id": "@outputs('Get_Checked_In_file_metadata')?['body/ItemId']"
                    },
                    "authentication": "@parameters('$authentication')"
                  },
                  "description": "This step discards the check out"
                },
                "Discard_Checked_Out_Reports_file": {
                  "runAfter": {
                    "Discard_Published_Reports_file": [
                      "Succeeded"
                    ]
                  },
                  "type": "OpenApiConnection",
                  "inputs": {
                    "host": {
                      "connectionName": "shared_sharepointonline",
                      "operationId": "DiscardFileCheckOut",
                      "apiId": "/providers/Microsoft.PowerApps/apis/shared_sharepointonline"
                    },
                    "parameters": {
                      "dataset": "@variables('SharepointSite_Var')",
                      "table": "@variables('Library_Var')",
                      "id": "@outputs('Convert_CheckinfileID_to_Integer')"
                    },
                    "authentication": "@parameters('$authentication')"
                  },
                  "description": "This step discards the check out"
                },
                "Delete_file_from_Checked_Out_Reports": {
                  "runAfter": {
                    "Discard_Checked_Out_Reports_file": [
                      "Succeeded"
                    ]
                  },
                  "type": "OpenApiConnection",
                  "inputs": {
                    "host": {
                      "connectionName": "shared_sharepointonline",
                      "operationId": "DeleteFile",
                      "apiId": "/providers/Microsoft.PowerApps/apis/shared_sharepointonline"
                    },
                    "parameters": {
                      "dataset": "@variables('SharepointSite_Var')",
                      "id": "@variables('CheckinfileIdentifier_Var')"
                    },
                    "authentication": "@parameters('$authentication')"
                  },
                  "description": "This step deletes the file from the checked out folder"
                }
              },
              "runAfter": {
                "Get_Checked_In_file_metadata": [
                  "Succeeded"
                ]
              },
              "else": {
                "actions": {
                  "Check_in_file_from_Checked_Out_Reports": {
                    "runAfter": {},
                    "type": "OpenApiConnection",
                    "inputs": {
                      "host": {
                        "connectionName": "shared_sharepointonline",
                        "operationId": "CheckInFile",
                        "apiId": "/providers/Microsoft.PowerApps/apis/shared_sharepointonline"
                      },
                      "parameters": {
                        "dataset": "@variables('SharepointSite_Var')",
                        "table": "@variables('Library_Var')",
                        "id": "@outputs('Convert_CheckinfileID_to_Integer')",
                        "parameter/comment": "@variables('Checkinfile_Comments_Var')",
                        "parameter/checkinType": 1
                      },
                      "authentication": "@parameters('$authentication')"
                    },
                    "description": "This step checks the file in"
                  },
                  "Update_file": {
                    "runAfter": {
                      "Get_Checked_Out_file_content_": [
                        "Succeeded"
                      ]
                    },
                    "metadata": {
                      "%252fTESTY%252fChecked%2bIn%252fttt.pbix": "/TESTY/Checked In/ttt.pbix"
                    },
                    "type": "OpenApiConnection",
                    "inputs": {
                      "host": {
                        "connectionName": "shared_sharepointonline",
                        "operationId": "UpdateFile",
                        "apiId": "/providers/Microsoft.PowerApps/apis/shared_sharepointonline"
                      },
                      "parameters": {
                        "dataset": "@variables('SharepointSite_Var')",
                        "id": "@outputs('Compose_Checked_In_Full_File_Name')",
                        "body": "@outputs('Get_Checked_Out_file_content_')?['body']"
                      },
                      "authentication": "@parameters('$authentication')"
                    },
                    "description": "To preserve the SharePoint ID, an update file is used "
                  },
                  "Get_Checked_Out_file_content_": {
                    "runAfter": {
                      "Check_in_file_from_Checked_Out_Reports": [
                        "Succeeded"
                      ]
                    },
                    "metadata": {
                      "%252fTESTY%252fChecked%2bOut%252fttt.pbix": "/TESTY/Checked Out/ttt.pbix"
                    },
                    "type": "OpenApiConnection",
                    "inputs": {
                      "host": {
                        "connectionName": "shared_sharepointonline",
                        "operationId": "GetFileContent",
                        "apiId": "/providers/Microsoft.PowerApps/apis/shared_sharepointonline"
                      },
                      "parameters": {
                        "dataset": "@variables('SharepointSite_Var')",
                        "id": "@variables('CheckinfileIdentifier_Var')",
                        "inferContentType": true
                      },
                      "authentication": "@parameters('$authentication')"
                    },
                    "description": "This gets the content of the file"
                  },
                  "Check_in_file": {
                    "runAfter": {
                      "Update_file": [
                        "Succeeded"
                      ]
                    },
                    "type": "OpenApiConnection",
                    "inputs": {
                      "host": {
                        "connectionName": "shared_sharepointonline",
                        "operationId": "CheckInFile",
                        "apiId": "/providers/Microsoft.PowerApps/apis/shared_sharepointonline"
                      },
                      "parameters": {
                        "dataset": "@variables('SharepointSite_Var')",
                        "table": "@variables('Library_Var')",
                        "id": "@outputs('Get_Checked_In_file_metadata')?['body/ItemId']",
                        "parameter/comment": "@variables('Checkinfile_Comments_Var')",
                        "parameter/checkinType": 1
                      },
                      "authentication": "@parameters('$authentication')"
                    },
                    "description": "This step checks the file in"
                  },
                  "Delete_file": {
                    "runAfter": {
                      "Check_in_file": [
                        "Succeeded"
                      ]
                    },
                    "type": "OpenApiConnection",
                    "inputs": {
                      "host": {
                        "connectionName": "shared_sharepointonline",
                        "operationId": "DeleteFile",
                        "apiId": "/providers/Microsoft.PowerApps/apis/shared_sharepointonline"
                      },
                      "parameters": {
                        "dataset": "@variables('SharepointSite_Var')",
                        "id": "@variables('CheckinfileIdentifier_Var')"
                      },
                      "authentication": "@parameters('$authentication')"
                    },
                    "description": "This step deletes the file from the checked out folder"
                  }
                }
              },
              "expression": {
                "equals": [
                  "@variables('Discardfile_Var')",
                  "True"
                ]
              },
              "type": "If"
            },
            "Get_Checked_In_file_metadata": {
              "runAfter": {},
              "type": "OpenApiConnection",
              "inputs": {
                "host": {
                  "connectionName": "shared_sharepointonline",
                  "operationId": "GetFileMetadataByPath",
                  "apiId": "/providers/Microsoft.PowerApps/apis/shared_sharepointonline"
                },
                "parameters": {
                  "dataset": "@variables('SharepointSite_Var')",
                  "path": "@outputs('Compose_Checked_In_Full_File_Name')"
                },
                "authentication": "@parameters('$authentication')"
              }
            }
          },
          "runAfter": {
            "Compose_Checked_In_Full_File_Name": [
              "Succeeded"
            ]
          },
          "type": "Scope"
        },
        "Fail": {
          "runAfter": {
            "Scope": [
              "Failed",
              "Skipped",
              "TimedOut"
            ]
          },
          "type": "Response",
          "kind": "PowerApp",
          "inputs": {
            "statusCode": 200,
            "body": {
              "response": 0,
              "name": "@variables('CheckinfileName_Var')"
            },
            "schema": {
              "type": "object",
              "properties": {
                "response": {
                  "title": "Response",
                  "x-ms-dynamically-added": true,
                  "type": "number"
                },
                "name": {
                  "title": "Name",
                  "x-ms-dynamically-added": true,
                  "type": "string"
                }
              }
            }
          }
        },
        "Success": {
          "runAfter": {
            "Scope": [
              "Succeeded"
            ]
          },
          "type": "Response",
          "kind": "PowerApp",
          "inputs": {
            "statusCode": 200,
            "body": {
              "response": 1,
              "name": "@variables('CheckinfileName_Var')"
            },
            "schema": {
              "type": "object",
              "properties": {
                "response": {
                  "title": "Response",
                  "x-ms-dynamically-added": true,
                  "type": "number"
                },
                "name": {
                  "title": "Name",
                  "x-ms-dynamically-added": true,
                  "type": "string"
                }
              }
            }
          }
        }
      },
      "outputs": {}
    },
    "templateName": null
  },
  "schemaVersion": "1.0.0.0"
}