{
  "properties": {
    "connectionReferences": {
      "shared_sharepointonline_1": {
        "runtimeSource": "invoker",
        "connection": {
          "connectionReferenceLogicalName": "tips_sharedsharepointonline_6a797"
        },
        "api": {
          "name": "shared_sharepointonline"
        }
      }
    },
    "definition": {
      "$schema": "https://schema.management.azure.com/providers/Microsoft.Logic/schemas/2016-06-01/workflowdefinition.json#",
      "contentVersion": "1.0.0.0",
      "parameters": {
        "$connections": {
          "defaultValue": {},
          "type": "Object"
        },
        "$authentication": {
          "defaultValue": {},
          "type": "SecureObject"
        }
      },
      "triggers": {
        "manual": {
          "type": "Request",
          "kind": "Button",
          "inputs": {
            "schema": {
              "type": "object",
              "properties": {
                "text": {
                  "title": "Site Collection URL",
                  "type": "string",
                  "x-ms-dynamically-added": true,
                  "description": "Please enter your site collection URL",
                  "x-ms-content-hint": "TEXT"
                }
              },
              "required": [
                "text"
              ]
            }
          }
        }
      },
      "actions": {
        "No_Action_Needed_-_Create_New_Document_Library": {
          "runAfter": {
            "No_Action_Needed_-_Saves_New_Document_Library_Title": [
              "Succeeded"
            ]
          },
          "type": "OpenApiConnection",
          "inputs": {
            "host": {
              "connectionName": "shared_sharepointonline_1",
              "operationId": "HttpRequest",
              "apiId": "/providers/Microsoft.PowerApps/apis/shared_sharepointonline"
            },
            "parameters": {
              "dataset": "@variables('SharePointSiteURL_Var')",
              "parameters/method": "POST",
              "parameters/uri": "_api/web/lists",
              "parameters/headers": {
                "Accept": "application/json;odata=verbose",
                "Content-Type": "application/json"
              },
              "parameters/body": "{\n\"AllowContentTypes\": false,\n\"BaseTemplate\": 101,\n\"ContentTypesEnabled\": false,\n\"Description\": \"Library for storing Power BI Reports\",\n\"Title\": \"@{variables('SharePointSiteLibrary_Var')}\"\n}"
            },
            "authentication": {
              "type": "Raw",
              "value": "@json(decodeBase64(triggerOutputs().headers['X-MS-APIM-Tokens']))['$ConnectionKey']"
            }
          }
        },
        "No_Action_Needed_-_Creates_Published_Folder": {
          "runAfter": {
            "No_Action_Needed_-_Creates_Checked-out_Folder": [
              "Succeeded"
            ]
          },
          "type": "OpenApiConnection",
          "inputs": {
            "host": {
              "connectionName": "shared_sharepointonline_1",
              "operationId": "CreateNewFolder",
              "apiId": "/providers/Microsoft.PowerApps/apis/shared_sharepointonline"
            },
            "parameters": {
              "dataset": "@variables('SharePointSiteURL_Var')",
              "table": "@variables('SharePointSiteLibrary_Var')",
              "parameters/path": "Published Reports"
            },
            "authentication": {
              "type": "Raw",
              "value": "@json(decodeBase64(triggerOutputs().headers['X-MS-APIM-Tokens']))['$ConnectionKey']"
            }
          }
        },
        "No_Action_Needed_-_Creates_Checked-out_Folder": {
          "runAfter": {
            "No_Action_Needed_-_Create_New_Document_Library": [
              "Succeeded"
            ]
          },
          "type": "OpenApiConnection",
          "inputs": {
            "host": {
              "connectionName": "shared_sharepointonline_1",
              "operationId": "CreateNewFolder",
              "apiId": "/providers/Microsoft.PowerApps/apis/shared_sharepointonline"
            },
            "parameters": {
              "dataset": "@variables('SharePointSiteURL_Var')",
              "table": "@variables('SharePointSiteLibrary_Var')",
              "parameters/path": "Checked Out"
            },
            "authentication": {
              "type": "Raw",
              "value": "@json(decodeBase64(triggerOutputs().headers['X-MS-APIM-Tokens']))['$ConnectionKey']"
            }
          }
        },
        "Version_Notes": {
          "runAfter": {},
          "type": "Compose",
          "inputs": "Version: 2.0.1\nIf you have questions, reach out to @anton3sco or @PowerBISteve on Twitter!"
        },
        "No_Action_Needed_-_Saves_Site_Collection_URL": {
          "runAfter": {
            "Version_Notes": [
              "Succeeded"
            ]
          },
          "type": "InitializeVariable",
          "inputs": {
            "variables": [
              {
                "name": "SharePointSiteURL_Var",
                "type": "string",
                "value": "@triggerBody()['text']"
              }
            ]
          },
          "description": "Enter the full address to the site collection to be used for the solution. E.g. https://contoso.sharepoint.com/sites/ReportSampleSite"
        },
        "No_Action_Needed_-_Saves_New_Document_Library_Title": {
          "runAfter": {
            "No_Action_Needed_-_Saves_Site_Collection_URL": [
              "Succeeded"
            ]
          },
          "type": "InitializeVariable",
          "inputs": {
            "variables": [
              {
                "name": "SharePointSiteLibrary_Var",
                "type": "string",
                "value": "Power BI Reports"
              }
            ]
          }
        }
      }
    },
    "templateName": null
  },
  "schemaVersion": "1.0.0.0"
}